{"nodes":{"node:1000":{"location":{"x":40,"y":40}},"node:1001":{"location":{"x":300,"y":40}},"node:1002":{"location":{"x":560,"y":40}},"node:1003":{"location":{"x":40,"y":210}},"node:1004":{"location":{"x":300,"y":210}},"node:1005":{"location":{"x":560,"y":210}},"node:1006":{"location":{"x":40,"y":380}},"node:1007":{"location":{"x":300,"y":380}}},"selection":["node:1004"],"view":{"scroll":{"x":-143.463943481445312,"y":-167.571319580078125},"visible_rect":{"max":{"x":1163.381591796875,"y":651.23834228515625},"min":{"x":-191.2852783203125,"y":-223.428451538085938}},"zoom":0.749999880790710449}}