{"nodes":{"node:1000":{"location":{"x":146,"y":-151}},"node:1001":{"location":{"x":300,"y":40}},"node:1002":{"location":{"x":594,"y":137}}},"selection":["node:1001"],"view":{"scroll":{"x":-54.3749465942382812,"y":-139.12408447265625},"visible_rect":{"max":{"x":909.69195556640625,"y":459.011322021484375},"min":{"x":-49.6319580078125,"y":-126.988639831542969}},"zoom":1.09556317329406738}}