{"nodes":{"node:1000":{"location":{"x":40,"y":40}},"node:1001":{"location":{"x":300,"y":40}},"node:1002":{"location":{"x":560,"y":40}},"node:1003":{"location":{"x":40,"y":210}},"node:1004":{"location":{"x":300,"y":210}},"node:1005":{"location":{"x":560,"y":210}},"node:1006":{"location":{"x":40,"y":380}},"node:1007":{"location":{"x":300,"y":380}}},"selection":null,"view":{"scroll":{"x":-103.3231201171875,"y":-42.9386825561523438},"visible_rect":{"max":{"x":730.14154052734375,"y":468.049102783203125},"min":{"x":-82.6585006713867188,"y":-34.3509483337402344}},"zoom":1.24999988079071045}}