{"nodes":{"node:1000":{"location":{"x":40,"y":40}},"node:1001":{"location":{"x":300,"y":40}},"node:1002":{"location":{"x":560,"y":40}},"node:1003":{"location":{"x":40,"y":210}},"node:1004":{"location":{"x":300,"y":210}},"node:1005":{"location":{"x":560,"y":210}}},"selection":null,"view":{"scroll":{"x":-204.187042236328125,"y":-65.5399856567382812},"visible_rect":{"max":{"x":1059.750732421875,"y":732.61346435546875},"min":{"x":-272.249420166015625,"y":-87.38665771484375}},"zoom":0.749999880790710449}}