{"nodes":{"node:1000":{"location":{"x":40,"y":40}},"node:1001":{"location":{"x":300,"y":40}},"node:1002":{"location":{"x":560,"y":40}},"node:1003":{"location":{"x":40,"y":210}},"node:1004":{"location":{"x":300,"y":210}},"node:1005":{"location":{"x":560,"y":210}},"node:1006":{"location":{"x":40,"y":380}},"node:1007":{"location":{"x":300,"y":380}}},"selection":null,"view":{"scroll":{"x":-131.423263549804688,"y":-64.8172225952148438},"visible_rect":{"max":{"x":1051.435791015625,"y":733.5771484375},"min":{"x":-175.231033325195312,"y":-86.4229736328125}},"zoom":0.749999880790710449}}