{"nodes":{"node:1000":{"location":{"x":40,"y":40}},"node:1001":{"location":{"x":300,"y":40}},"node:1002":{"location":{"x":560,"y":40}},"node:1003":{"location":{"x":40,"y":210}},"node:1004":{"location":{"x":300,"y":210}},"node:1005":{"location":{"x":560,"y":210}},"node:1006":{"location":{"x":40,"y":380}},"node:1007":{"location":{"x":300,"y":380}}},"selection":["link:300000"],"view":{"scroll":{"x":-396.642120361328125,"y":6.11007213592529297},"visible_rect":{"max":{"x":3012.852783203125,"y":548.5753173828125},"min":{"x":-2287.75,"y":35.24163818359375}},"zoom":0.173376500606536865}}