{"nodes":{"node:1000":{"location":{"x":40,"y":40}},"node:1001":{"location":{"x":300,"y":40}},"node:1002":{"location":{"x":560,"y":40}},"node:1003":{"location":{"x":40,"y":210}},"node:1004":{"location":{"x":300,"y":210}},"node:1005":{"location":{"x":560,"y":210}},"node:1006":{"location":{"x":40,"y":380}},"node:1007":{"location":{"x":300,"y":380}}},"selection":null,"view":{"scroll":{"x":-66.9042129516601562,"y":-255.242813110351562},"visible_rect":{"max":{"x":1265.461181640625,"y":534.343017578125},"min":{"x":-89.20562744140625,"y":-340.32379150390625}},"zoom":0.749999940395355225}}