{"nodes":{"node:1000":{"location":{"x":40,"y":40}},"node:1001":{"location":{"x":316,"y":40}},"node:1002":{"location":{"x":560,"y":40}},"node:1003":{"location":{"x":40,"y":210}},"node:1004":{"location":{"x":264,"y":213}},"node:1005":{"location":{"x":560,"y":210}},"node:1006":{"location":{"x":40,"y":380}},"node:1007":{"location":{"x":300,"y":380}}},"selection":["node:1005"],"view":{"scroll":{"x":-122.50567626953125,"y":30.7504119873046875},"visible_rect":{"max":{"x":893.49432373046875,"y":334.75042724609375},"min":{"x":-122.50567626953125,"y":30.7504119873046875}},"zoom":1}}