{"nodes":{"node:1000":{"location":{"x":40,"y":40}},"node:1001":{"location":{"x":338,"y":21}},"node:1002":{"location":{"x":560,"y":40}},"node:1003":{"location":{"x":40,"y":210}},"node:1004":{"location":{"x":296,"y":229}},"node:1005":{"location":{"x":560,"y":210}},"node:1006":{"location":{"x":40,"y":380}},"node:1007":{"location":{"x":300,"y":380}}},"selection":null,"view":{"scroll":{"x":-200.878402709960938,"y":3.14481353759765625},"visible_rect":{"max":{"x":815.12158203125,"y":659.14483642578125},"min":{"x":-200.878402709960938,"y":3.14481353759765625}},"zoom":1}}