{"nodes":{"node:1000":{"location":{"x":-94,"y":37}},"node:1001":{"location":{"x":264,"y":37}},"node:1002":{"location":{"x":98,"y":37}}},"selection":null,"view":{"scroll":{"x":-177.859588623046875,"y":-33.6182174682617188},"visible_rect":{"max":{"x":947.902099609375,"y":635.33331298828125},"min":{"x":-204.568878173828125,"y":-38.66668701171875}},"zoom":0.869436204433441162}}