{"nodes":{"node:1000":{"location":{"x":40,"y":40}},"node:1001":{"location":{"x":300,"y":40}},"node:1002":{"location":{"x":560,"y":40}},"node:1003":{"location":{"x":40,"y":210}},"node:1004":{"location":{"x":300,"y":210}},"node:1005":{"location":{"x":560,"y":210}},"node:1006":{"location":{"x":40,"y":380}}},"selection":null,"view":{"scroll":{"x":-210.772552490234375,"y":-41.523345947265625},"visible_rect":{"max":{"x":805.2274169921875,"y":586.4766845703125},"min":{"x":-210.772552490234375,"y":-41.523345947265625}},"zoom":1}}