{"nodes":{"node:1000":{"location":{"x":40,"y":40}},"node:1001":{"location":{"x":300,"y":40}},"node:1002":{"location":{"x":560,"y":40}},"node:1003":{"location":{"x":40,"y":210}},"node:1004":{"location":{"x":300,"y":210}},"node:1005":{"location":{"x":560,"y":210}},"node:1006":{"location":{"x":40,"y":380}},"node:1007":{"location":{"x":300,"y":380}}},"selection":null,"view":{"scroll":{"x":186.249862670898438,"y":120.720664978027344},"visible_rect":{"max":{"x":948.19989013671875,"y":588.5765380859375},"min":{"x":148.999893188476562,"y":96.5765304565429688}},"zoom":1.25}}