{"nodes":{"node:1000":{"location":{"x":40,"y":40}},"node:1001":{"location":{"x":300,"y":40}},"node:1002":{"location":{"x":560,"y":40}},"node:1003":{"location":{"x":40,"y":210}},"node:1004":{"location":{"x":300,"y":210}},"node:1005":{"location":{"x":560,"y":210}},"node:1006":{"location":{"x":40,"y":380}}},"selection":["link:300003"],"view":{"scroll":{"x":-17.4545726776123047,"y":-74.6382217407226562},"visible_rect":{"max":{"x":1319.39404296875,"y":676.48248291015625},"min":{"x":-23.27276611328125,"y":-99.51763916015625}},"zoom":0.749999940395355225}}