{"nodes":{"node:1000":{"location":{"x":40,"y":40}},"node:1001":{"location":{"x":300,"y":40}},"node:1002":{"location":{"x":560,"y":40}},"node:1003":{"location":{"x":40,"y":210}},"node:1004":{"location":{"x":300,"y":210}},"node:1005":{"location":{"x":560,"y":210}},"node:1006":{"location":{"x":40,"y":380}}},"selection":null,"view":{"scroll":{"x":-170.75,"y":-87.7500228881835938},"visible_rect":{"max":{"x":1115.0001220703125,"y":659.00006103515625},"min":{"x":-227.66668701171875,"y":-117.000045776367188}},"zoom":0.749999940395355225}}