{"nodes":{"node:1000":{"location":{"x":40,"y":40}},"node:1001":{"location":{"x":300,"y":40}},"node:1002":{"location":{"x":560,"y":40}},"node:1003":{"location":{"x":40,"y":210}},"node:1004":{"location":{"x":300,"y":210}},"node:1005":{"location":{"x":560,"y":210}},"node:1006":{"location":{"x":40,"y":380}},"node:1007":{"location":{"x":300,"y":380}}},"selection":null,"view":{"scroll":{"x":-308.266387939453125,"y":15.1081085205078125},"visible_rect":{"max":{"x":1415.46728515625,"y":474.216217041015625},"min":{"x":-616.53277587890625,"y":30.216217041015625}},"zoom":0.5}}