{"nodes":{"node:1000":{"location":{"x":40,"y":40}},"node:1001":{"location":{"x":300,"y":40}},"node:1002":{"location":{"x":560,"y":40}},"node:1003":{"location":{"x":40,"y":210}},"node:1004":{"location":{"x":300,"y":210}},"node:1005":{"location":{"x":560,"y":210}},"node:1006":{"location":{"x":40,"y":380}},"node:1007":{"location":{"x":300,"y":380}}},"selection":["link:300000"],"view":{"scroll":{"x":-110.113357543945312,"y":-71.4477767944335938},"visible_rect":{"max":{"x":905.88677978515625,"y":556.55230712890625},"min":{"x":-110.113372802734375,"y":-71.447784423828125}},"zoom":0.999999880790710449}}