{"nodes":{"node:1000":{"location":{"x":40,"y":40}},"node:1001":{"location":{"x":300,"y":40}},"node:1002":{"location":{"x":560,"y":40}},"node:1003":{"location":{"x":40,"y":210}},"node:1004":{"location":{"x":290,"y":213}},"node:1005":{"location":{"x":560,"y":210}},"node:1006":{"location":{"x":40,"y":380}},"node:1007":{"location":{"x":300,"y":380}}},"selection":["link:300000"],"view":{"scroll":{"x":94.7103805541992188,"y":-41.7765541076660156},"visible_rect":{"max":{"x":1110.71044921875,"y":614.2235107421875},"min":{"x":94.71038818359375,"y":-41.7765579223632812}},"zoom":0.999999940395355225}}