{"nodes":{"node:1000":{"location":{"x":40,"y":40}},"node:1001":{"location":{"x":300,"y":40}},"node:1002":{"location":{"x":560,"y":40}},"node:1003":{"location":{"x":40,"y":210}},"node:1004":{"location":{"x":300,"y":210}},"node:1005":{"location":{"x":560,"y":210}},"node:1006":{"location":{"x":40,"y":380}}},"selection":null,"view":{"scroll":{"x":-7.6571044921875,"y":-37.3204460144042969},"visible_rect":{"max":{"x":806.67431640625,"y":494.94366455078125},"min":{"x":-6.12568378448486328,"y":-29.8563575744628906}},"zoom":1.25}}