{"nodes":{"node:1000":{"location":{"x":40,"y":40}},"node:1001":{"location":{"x":300,"y":40}},"node:1002":{"location":{"x":560,"y":40}},"node:1003":{"location":{"x":40,"y":210}},"node:1004":{"location":{"x":300,"y":210}},"node:1005":{"location":{"x":560,"y":210}}},"selection":["link:300002"],"view":{"scroll":{"x":2.288818359375e-05,"y":2.288818359375e-05},"visible_rect":{"max":{"x":999,"y":615},"min":{"x":2.288818359375e-05,"y":2.288818359375e-05}},"zoom":1}}