{"nodes":{"node:1000":{"location":{"x":40,"y":40}},"node:1001":{"location":{"x":300,"y":40}},"node:1002":{"location":{"x":560,"y":40}},"node:1003":{"location":{"x":40,"y":210}},"node:1004":{"location":{"x":300,"y":210}},"node:1005":{"location":{"x":560,"y":210}},"node:1006":{"location":{"x":40,"y":380}}},"selection":null,"view":{"scroll":{"x":-74.8004150390625,"y":13.15985107421875},"visible_rect":{"max":{"x":924.1995849609375,"y":628.15985107421875},"min":{"x":-74.8004150390625,"y":13.15985107421875}},"zoom":1}}