{"nodes":{"node:1000":{"location":{"x":40,"y":40}},"node:1001":{"location":{"x":300,"y":40}},"node:1002":{"location":{"x":560,"y":40}},"node:1003":{"location":{"x":40,"y":210}},"node:1004":{"location":{"x":300,"y":210}},"node:1005":{"location":{"x":560,"y":210}},"node:1006":{"location":{"x":40,"y":380}},"node:1007":{"location":{"x":300,"y":380}}},"selection":null,"view":{"scroll":{"x":-48.3859176635742188,"y":7.26375150680541992},"visible_rect":{"max":{"x":791.96429443359375,"y":565.4000244140625},"min":{"x":-43.9643173217773438,"y":6.5999755859375}},"zoom":1.10057246685028076}}