{"nodes":{"node:1000":{"location":{"x":40,"y":53}},"node:1001":{"location":{"x":300,"y":40}},"node:1002":{"location":{"x":560,"y":40}},"node:1003":{"location":{"x":40,"y":210}},"node:1004":{"location":{"x":300,"y":210}},"node:1005":{"location":{"x":560,"y":210}},"node:1006":{"location":{"x":40,"y":380}},"node:1007":{"location":{"x":300,"y":380}}},"selection":["node:1003"],"view":{"scroll":{"x":-297.4246826171875,"y":-46.990966796875},"visible_rect":{"max":{"x":1437.150634765625,"y":546.01806640625},"min":{"x":-594.849365234375,"y":-93.98193359375}},"zoom":0.5}}