{"nodes":{"node:1000":{"location":{"x":40,"y":40}},"node:1001":{"location":{"x":300,"y":40}},"node:1002":{"location":{"x":560,"y":40}},"node:1003":{"location":{"x":40,"y":210}},"node:1004":{"location":{"x":300,"y":210}},"node:1005":{"location":{"x":560,"y":210}},"node:1006":{"location":{"x":40,"y":380}}},"selection":null,"view":{"scroll":{"x":-121.249992370605469,"y":-32.3000030517578125},"visible_rect":{"max":{"x":1170.3333740234375,"y":776.933349609375},"min":{"x":-161.666656494140625,"y":-43.0666732788085938}},"zoom":0.75}}