{"nodes":null,"selection":null,"view":{"scroll":{"x":1270.691162109375,"y":-16.1414566040039062},"visible_rect":{"max":{"x":1134.8455810546875,"y":152.929275512695312},"min":{"x":635.3455810546875,"y":-8.07072830200195312}},"zoom":2}}