{"nodes":{"node:1000":{"location":{"x":40,"y":40}},"node:1001":{"location":{"x":300,"y":40}},"node:1002":{"location":{"x":560,"y":40}},"node:1003":{"location":{"x":40,"y":210}},"node:1004":{"location":{"x":300,"y":210}},"node:1005":{"location":{"x":560,"y":210}},"node:1006":{"location":{"x":40,"y":380}},"node:1007":{"location":{"x":300,"y":380}}},"selection":null,"view":{"scroll":{"x":-49.29022216796875,"y":-37.99774169921875},"visible_rect":{"max":{"x":966.70977783203125,"y":618.00225830078125},"min":{"x":-49.29022216796875,"y":-37.99774169921875}},"zoom":1}}