{"nodes":null,"selection":null,"view":{"scroll":{"x":5842.4931640625,"y":841.88970947265625},"visible_rect":{"max":{"x":855.186767578125,"y":182.111221313476562},"min":{"x":730.31170654296875,"y":105.236228942871094}},"zoom":7.99999904632568359}}