{"nodes":{"node:1000":{"location":{"x":40,"y":40}},"node:1001":{"location":{"x":300,"y":40}},"node:1002":{"location":{"x":560,"y":40}}},"selection":["node:1000"],"view":{"scroll":{"x":-167.138275146484375,"y":-120.586921691894531},"visible_rect":{"max":{"x":1178.482421875,"y":620.55084228515625},"min":{"x":-222.851058959960938,"y":-160.782577514648438}},"zoom":0.749999880790710449}}