{"nodes":{"node:1000":{"location":{"x":40,"y":40}},"node:1001":{"location":{"x":300,"y":40}},"node:1002":{"location":{"x":560,"y":40}},"node:1003":{"location":{"x":40,"y":210}},"node:1004":{"location":{"x":300,"y":210}},"node:1005":{"location":{"x":560,"y":210}},"node:1006":{"location":{"x":40,"y":380}},"node:1007":{"location":{"x":300,"y":380}}},"selection":null,"view":{"scroll":{"x":-294.591278076171875,"y":12.022369384765625},"visible_rect":{"max":{"x":1442.8173828125,"y":510.04473876953125},"min":{"x":-589.18255615234375,"y":24.04473876953125}},"zoom":0.5}}