{"nodes":{"node:1000":{"location":{"x":40,"y":40}},"node:1001":{"location":{"x":300,"y":40}},"node:1002":{"location":{"x":560,"y":40}},"node:1003":{"location":{"x":40,"y":210}},"node:1004":{"location":{"x":300,"y":210}},"node:1005":{"location":{"x":560,"y":210}},"node:1006":{"location":{"x":40,"y":380}},"node:1007":{"location":{"x":300,"y":380}}},"selection":["link:300002"],"view":{"scroll":{"x":-6.103515625e-05,"y":-31.2304649353027344},"visible_rect":{"max":{"x":1023.9998779296875,"y":649.7608642578125},"min":{"x":-6.79347795085050166e-05,"y":-34.7608642578125}},"zoom":0.8984375}}