{"nodes":{"node:1000":{"location":{"x":40,"y":40}},"node:1001":{"location":{"x":306,"y":37}},"node:1002":{"location":{"x":560,"y":40}},"node:1003":{"location":{"x":40,"y":213}},"node:1004":{"location":{"x":306,"y":213}},"node:1005":{"location":{"x":560,"y":210}},"node:1006":{"location":{"x":40,"y":380}},"node:1007":{"location":{"x":300,"y":380}},"node:1008":{"location":{"x":560,"y":380}}},"selection":["link:300005"],"view":{"scroll":{"x":-73.507293701171875,"y":95.3218917846679688},"visible_rect":{"max":{"x":1307.32373046875,"y":389.7625732421875},"min":{"x":-98.009735107421875,"y":127.095870971679688}},"zoom":0.749999940395355225}}