{"nodes":{"node:1000":{"location":{"x":40,"y":40}},"node:1001":{"location":{"x":300,"y":40}},"node:1002":{"location":{"x":560,"y":40}}},"selection":["node:1000"],"view":{"scroll":{"x":0.199951171875,"y":0},"visible_rect":{"max":{"x":1002.199951171875,"y":586},"min":{"x":0.199951171875,"y":0}},"zoom":1}}