{"nodes":null,"selection":null,"view":{"scroll":{"x":-1226.096923828125,"y":-512.02734375},"visible_rect":{"max":{"x":-227.096923828125,"y":102.97265625},"min":{"x":-1226.096923828125,"y":-512.02734375}},"zoom":1}}