{"nodes":{"node:1000":{"location":{"x":40,"y":40}},"node:1001":{"location":{"x":300,"y":40}},"node:1002":{"location":{"x":560,"y":40}},"node:1003":{"location":{"x":40,"y":210}},"node:1004":{"location":{"x":300,"y":210}},"node:1005":{"location":{"x":560,"y":210}},"node:1006":{"location":{"x":40,"y":380}},"node:1007":{"location":{"x":300,"y":380}}},"selection":["link:300006"],"view":{"scroll":{"x":-110.113334655761719,"y":-71.4477386474609375},"visible_rect":{"max":{"x":905.88665771484375,"y":556.55224609375},"min":{"x":-110.113334655761719,"y":-71.4477386474609375}},"zoom":1}}