{"nodes":{"node:1000":{"location":{"x":40,"y":40}},"node:1001":{"location":{"x":300,"y":40}},"node:1002":{"location":{"x":560,"y":40}},"node:1003":{"location":{"x":40,"y":210}},"node:1004":{"location":{"x":300,"y":210}},"node:1005":{"location":{"x":582,"y":230}},"node:1006":{"location":{"x":40,"y":380}}},"selection":null,"view":{"scroll":{"x":15.199615478515625,"y":-5.50682830810546875},"visible_rect":{"max":{"x":1014.1995849609375,"y":609.4931640625},"min":{"x":15.199615478515625,"y":-5.50682830810546875}},"zoom":1}}