{"nodes":{"node:1000":{"location":{"x":40,"y":40}},"node:1001":{"location":{"x":300,"y":40}},"node:1002":{"location":{"x":560,"y":40}},"node:1003":{"location":{"x":40,"y":210}},"node:1004":{"location":{"x":300,"y":210}},"node:1005":{"location":{"x":560,"y":210}},"node:1006":{"location":{"x":40,"y":380}},"node:1007":{"location":{"x":300,"y":380}}},"selection":["link:300006"],"view":{"scroll":{"x":-58.3659515380859375,"y":-33.3188934326171875},"visible_rect":{"max":{"x":957.634033203125,"y":594.68109130859375},"min":{"x":-58.3659515380859375,"y":-33.3188934326171875}},"zoom":1}}