{"nodes":{"node:1000":{"location":{"x":40,"y":40}},"node:1001":{"location":{"x":300,"y":40}},"node:1002":{"location":{"x":560,"y":40}},"node:1003":{"location":{"x":40,"y":210}},"node:1004":{"location":{"x":300,"y":210}},"node:1005":{"location":{"x":568,"y":213}},"node:1006":{"location":{"x":40,"y":380}},"node:1007":{"location":{"x":300,"y":380}},"node:1008":{"location":{"x":674,"y":-171}}},"selection":["node:1008"],"view":{"scroll":{"x":-143.46392822265625,"y":-167.571258544921875},"visible_rect":{"max":{"x":1163.381591796875,"y":651.2384033203125},"min":{"x":-191.285263061523438,"y":-223.428375244140625}},"zoom":0.749999940395355225}}