{"nodes":{"node:1000":{"location":{"x":40,"y":40}},"node:1001":{"location":{"x":300,"y":40}},"node:1002":{"location":{"x":560,"y":40}},"node:1003":{"location":{"x":34,"y":217}},"node:1004":{"location":{"x":300,"y":210}},"node:1005":{"location":{"x":560,"y":210}},"node:1006":{"location":{"x":40,"y":380}},"node:1007":{"location":{"x":300,"y":380}}},"selection":null,"view":{"scroll":{"x":-66.71917724609375,"y":-32.021392822265625},"visible_rect":{"max":{"x":853.28082275390625,"y":582.9786376953125},"min":{"x":-66.71917724609375,"y":-32.021392822265625}},"zoom":1}}