{"nodes":null,"selection":null,"view":{"scroll":{"x":27.5880393981933594,"y":-0.845054566860198975},"visible_rect":{"max":{"x":173151.484375,"y":41007.796875},"min":{"x":4577.390625,"y":-140.2109375}},"zoom":0.0060270233079791069}}