{"nodes":null,"selection":null,"view":{"scroll":{"x":26.9930057525634766,"y":0},"visible_rect":{"max":{"x":1021.5616455078125,"y":286},"min":{"x":26.4383544921875,"y":0}},"zoom":1.02097904682159424}}