{"nodes":null,"selection":null,"view":{"scroll":{"x":1110.77783203125,"y":332.79815673828125},"visible_rect":{"max":{"x":112093296,"y":35776528},"min":{"x":58544312,"y":17540356}},"zoom":1.89732836588518694e-05}}