{"nodes":null,"selection":null,"view":{"scroll":{"x":-5.89148569107055664,"y":-1.51514697074890137},"visible_rect":{"max":{"x":47837480,"y":11694192},"min":{"x":-248288.015625,"y":-63853.64453125}},"zoom":2.37284348258981481e-05}}