{"nodes":null,"selection":null,"view":{"scroll":{"x":465885.625,"y":125343.984375},"visible_rect":{"max":{"x":46613760,"y":12546834},"min":{"x":46512328,"y":12513888}},"zoom":0.0100163901224732399}}