{"nodes":{"node:1000":{"location":{"x":40,"y":40}},"node:1001":{"location":{"x":300,"y":40}},"node:1002":{"location":{"x":560,"y":40}},"node:1003":{"location":{"x":40,"y":210}},"node:1004":{"location":{"x":300,"y":210}},"node:1005":{"location":{"x":560,"y":210}},"node:1006":{"location":{"x":40,"y":380}},"node:1007":{"location":{"x":300,"y":380}}},"selection":null,"view":{"scroll":{"x":-394.567901611328125,"y":15.007659912109375},"visible_rect":{"max":{"x":1148.8642578125,"y":548.01531982421875},"min":{"x":-789.13580322265625,"y":30.01531982421875}},"zoom":0.5}}